istat,nome,provincia,lat,lon
012001,Agra,VARESE,46.03678,8.76383
012002,Albizzate,VARESE,45.72616,8.79984
012003,Angera,VARESE,45.77158,8.59876
012004,Arcisate,VARESE,45.85527,8.86751
012005,Arsago Seprio,VARESE,45.69847,8.73604
012006,Azzate,VARESE,45.77777,8.79018
012007,Azzio,VARESE,45.8885,8.71002
012008,Barasso,VARESE,45.84984,8.75597
012010,Bedero Valcuvia,VARESE,45.91058,8.79919
012011,Besano,VARESE,45.88714,8.90254
012012,Besnate,VARESE,45.70139,8.76152
012013,Besozzo,VARESE,45.85089,8.64648
012014,Biandronno,VARESE,45.8136,8.71381
012015,Bisuschio,VARESE,45.88084,8.87007
012016,Bodio Lomnago,VARESE,45.79123,8.75127
012017,Brebbia,VARESE,45.82896,8.63341
012019,Brenta,VARESE,45.90748,8.68759
012020,Brezzo di Bedero,VARESE,45.9777,8.71799
012021,Brinzio,VARESE,45.88623,8.79487
012022,Brissago Valtravaglia,VARESE,45.94967,8.73874
012023,Brunello,VARESE,45.76601,8.79915
012024,Brusimpiano,VARESE,45.93974,8.87987
012025,Buguggiate,VARESE,45.78481,8.80589
012026,Busto Arsizio,VARESE,45.60538,8.84338
012027,Cadegliano-Viconago,VARESE,45.96453,8.83175
012029,Cairate,VARESE,45.68632,8.86451
012030,Cantello,VARESE,45.82714,8.89152
012031,Caravate,VARESE,45.87744,8.65349
012032,Cardano al Campo,VARESE,45.64699,8.75556
012033,Carnago,VARESE,45.71919,8.83676
012034,Caronno Pertusella,VARESE,45.59448,9.04558
012035,Caronno Varesino,VARESE,45.74144,8.82857
012036,Casale Litta,VARESE,45.76083,8.73396
012037,Casalzuigno,VARESE,45.91163,8.70733
012038,Casciago,VARESE,45.83273,8.77117
012039,Casorate Sempione,VARESE,45.6627,8.7449
012040,Cassano Magnago,VARESE,45.67236,8.82788
012041,Cassano Valcuvia,VARESE,45.9313,8.76112
012042,Castellanza,VARESE,45.6092,8.90029
012043,Castello Cabiaglio,VARESE,45.88606,8.76033
012044,Castelseprio,VARESE,45.71825,8.86255
012045,Castelveccana,VARESE,45.94438,8.666
012046,Castiglione Olona,VARESE,45.7538,8.86719
012047,Castronno,VARESE,45.75277,8.811
012048,Cavaria con Premezzo,VARESE,45.69274,8.79608
012049,Cazzago Brabbia,VARESE,45.80325,8.72982
012050,Cislago,VARESE,45.65671,8.9616
012051,Cittiglio,VARESE,45.90713,8.66214
012052,Clivio,VARESE,45.85607,8.92468
012053,Cocquio Trevisago,VARESE,45.86355,8.70303
012054,Comabbio,VARESE,45.77545,8.67832
012055,Comerio,VARESE,45.85256,8.74192
012056,Cremenaga,VARESE,45.98001,8.79953
012057,Crosio della Valle,VARESE,45.76032,8.76453
012058,Cuasso al Monte,VARESE,45.90906,8.86748
012059,Cugliate-Fabiasco,VARESE,45.94353,8.82214
012060,Cunardo,VARESE,45.93409,8.8015
012061,Curiglia con Monteviasco,VARESE,46.05925,8.8241
012062,Cuveglio,VARESE,45.91125,8.74734
012063,Cuvio,VARESE,45.88613,8.73342
012064,Daverio,VARESE,45.77299,8.76426
012065,Dumenza,VARESE,46.03086,8.79701
012066,Duno,VARESE,45.92023,8.73433
012067,Fagnano Olona,VARESE,45.6619,8.87197
012068,Ferno,VARESE,45.61972,8.74244
012069,Ferrera di Varese,VARESE,45.93086,8.78636
012070,Gallarate,VARESE,45.66081,8.79306
012071,Galliate Lombardo,VARESE,45.79071,8.77151
012072,Gavirate,VARESE,45.844,8.72503
012073,Gazzada Schianno,VARESE,45.78104,8.83218
012074,Gemonio,VARESE,45.87957,8.68139
012075,Gerenzano,VARESE,45.63294,8.99035
012076,Germignaga,VARESE,45.98714,8.72738
012077,Golasecca,VARESE,45.69732,8.6649
012078,Gorla Maggiore,VARESE,45.66627,8.90532
012079,Gorla Minore,VARESE,45.64923,8.91546
012080,Gornate Olona,VARESE,45.73555,8.8616
012081,Grantola,VARESE,45.94525,8.78444
012082,Inarzo,VARESE,45.78384,8.72788
012083,Induno Olona,VARESE,45.85999,8.83838
012084,Ispra,VARESE,45.81129,8.61153
012085,Jerago con Orago,VARESE,45.70804,8.79289
012086,Lavena Ponte Tresa,VARESE,45.95951,8.86389
012087,Laveno-Mombello,VARESE,45.90938,8.60846
012088,Leggiuno,VARESE,45.87185,8.60456
012089,Lonate Ceppino,VARESE,45.71025,8.88096
012090,Lonate Pozzolo,VARESE,45.58801,8.73777
012091,Lozza,VARESE,45.77482,8.86145
012092,Luino,VARESE,46.00027,8.75124
012093,Luvinate,VARESE,45.84925,8.76742
012096,Malnate,VARESE,45.79818,8.88265
012097,Marchirolo,VARESE,45.94212,8.83454
012098,Marnate,VARESE,45.63088,8.9144
012099,Marzio,VARESE,45.93708,8.86083
012100,Masciago Primo,VARESE,45.91809,8.78874
012101,Mercallo,VARESE,45.75203,8.67206
012102,Mesenzana,VARESE,45.94536,8.75283
012103,Montegrino Valtravaglia,VARESE,45.96816,8.77977
012104,Monvalle,VARESE,45.85499,8.61811
012105,Morazzone,VARESE,45.76182,8.83405
012106,Mornago,VARESE,45.73616,8.75206
012107,Oggiona con Santo Stefano,VARESE,45.69942,8.81861
012108,Olgiate Olona,VARESE,45.62888,8.87411
012109,Origgio,VARESE,45.59239,9.00714
012110,Orino,VARESE,45.88069,8.71791
012113,Porto Ceresio,VARESE,45.90989,8.90697
012114,Porto Valtravaglia,VARESE,45.95825,8.69384
012115,Rancio Valcuvia,VARESE,45.91254,8.77289
012116,Ranco,VARESE,45.79949,8.57727
012117,Saltrio,VARESE,45.87721,8.92462
012118,Samarate,VARESE,45.6213,8.77385
012119,Saronno,VARESE,45.62734,9.03807
012120,Sesto Calende,VARESE,45.74435,8.63029
012121,Solbiate Arno,VARESE,45.71941,8.81586
012122,Solbiate Olona,VARESE,45.64974,8.87276
012123,Somma Lombardo,VARESE,45.66846,8.68529
012124,Sumirago,VARESE,45.74029,8.78057
012125,Taino,VARESE,45.76441,8.62056
012126,Ternate,VARESE,45.78505,8.69775
012127,Tradate,VARESE,45.71631,8.91614
012128,Travedona Monate,VARESE,45.80456,8.67025
012129,Tronzano Lago Maggiore,VARESE,46.08305,8.73605
012130,Uboldo,VARESE,45.60742,8.99352
012131,Valganna,VARESE,45.90062,8.82466
012132,Varano Borghi,VARESE,45.77109,8.70308
012133,Varese,VARESE,45.83121,8.80345
012134,Vedano Olona,VARESE,45.77071,8.88813
012136,Venegono Inferiore,VARESE,45.73924,8.904
012137,Venegono Superiore,VARESE,45.75465,8.9014
012138,Vergiate,VARESE,45.73275,8.70325
012139,Viggiù,VARESE,45.86804,8.90645
012140,Vizzola Ticino,VARESE,45.62555,8.68406
012141,Sangiano,VARESE,45.87702,8.63315
012142,Maccagno con Pino e Veddasca,VARESE,46.07373,8.78074
012143,Cadrezzate con Osmate,VARESE,45.79464,8.64955
012144,Bardello con Malgesso e Bregano,VARESE,45.82776,8.68406
013003,Albavilla,COMO,45.80988,9.19098
013004,Albese con Cassano,COMO,45.81161,9.16348
013005,Albiolo,COMO,45.80564,8.94081
013006,Alserio,COMO,45.78077,9.20148
013007,Alzate Brianza,COMO,45.76092,9.18569
013009,Anzano del Parco,COMO,45.76986,9.20765
013010,Appiano Gentile,COMO,45.73776,8.96863
013011,Argegno,COMO,45.94226,9.12506
013012,Arosio,COMO,45.722,9.21394
013013,Asso,COMO,45.86715,9.26514
013015,Barni,COMO,45.90782,9.26522
013021,Bene Lario,COMO,46.02339,9.17298
013022,Beregazzo con Figliaro,COMO,45.77101,8.95107
013023,Binago,COMO,45.77354,8.92004
013024,Bizzarone,COMO,45.83591,8.94552
013025,Blessagno,COMO,45.96681,9.10337
013026,Blevio,COMO,45.83916,9.10431
013028,Bregnano,COMO,45.69489,9.05713
013029,Brenna,COMO,45.73973,9.18374
013030,Brienno,COMO,45.91498,9.12511
013032,Brunate,COMO,45.81992,9.09952
013034,Bulgarograsso,COMO,45.74922,9.0083
013035,Cabiate,COMO,45.67586,9.17054
013036,Cadorago,COMO,45.72154,9.0481
013037,Caglio,COMO,45.87116,9.22517
013040,Campione d'Italia,COMO,45.97289,8.96895
013041,Cantù,COMO,45.73774,9.13419
013042,Canzo,COMO,45.84871,9.29051
013043,Capiago Intimiano,COMO,45.77074,9.13127
013044,Carate Urio,COMO,45.88048,9.11739
013045,Carbonate,COMO,45.69542,8.9343
013046,Carimate,COMO,45.70751,9.10974
013047,Carlazzo,COMO,46.05435,9.15515
013048,Carugo,COMO,45.71881,9.19211
013052,Caslino d'Erba,COMO,45.84698,9.22442
013053,Casnate con Bernate,COMO,45.76041,9.07403
013055,Cassina Rizzardi,COMO,45.74964,9.02709
013058,Castelmarte,COMO,45.83589,9.24346
013059,Castelnuovo Bozzente,COMO,45.7585,8.94176
013062,Cavargna,COMO,46.10566,9.09712
013063,Cerano d'Intelvi,COMO,45.92833,9.07243
013064,Cermenate,COMO,45.70076,9.08326
013065,Cernobbio,COMO,45.85836,9.07446
013068,Cirimido,COMO,45.69489,9.01318
013071,Claino con Osteno,COMO,46.00951,9.09243
013074,Colonno,COMO,45.96483,9.14699
013075,Como,COMO,45.80039,9.0839
013077,Corrido,COMO,46.05631,9.12422
013083,Cremia,COMO,46.0889,9.25814
013084,Cucciago,COMO,45.73787,9.09789
013085,Cusino,COMO,46.08703,9.17473
013087,Dizzasco,COMO,45.94815,9.11544
013089,Domaso,COMO,46.14575,9.33032
013090,Dongo,COMO,46.12486,9.26678
013092,Dosso del Liro,COMO,46.19557,9.23883
013095,Erba,COMO,45.81623,9.21879
013097,Eupilio,COMO,45.8147,9.26893
013098,Faggeto Lario,COMO,45.85802,9.17081
013099,Faloppio,COMO,45.80879,8.96993
013100,Fenegrò,COMO,45.69574,8.99854
013101,Figino Serenza,COMO,45.71384,9.13691
013102,Fino Mornasco,COMO,45.74226,9.05552
013106,Garzeno,COMO,46.128,9.19994
013107,Gera Lario,COMO,46.15597,9.38689
013110,Grandate,COMO,45.77118,9.05845
013111,Grandola ed Uniti,COMO,46.05086,9.19554
013113,Griante,COMO,45.99477,9.24167
013114,Guanzate,COMO,45.72534,9.01097
013118,Inverigo,COMO,45.73649,9.22482
013119,Laglio,COMO,45.88837,9.13158
013120,Laino,COMO,45.98301,9.10221
013121,Lambrugo,COMO,45.76102,9.24584
013123,Lasnigo,COMO,45.88655,9.26836
013126,Lezzeno,COMO,45.9419,9.19092
013128,Limido Comasco,COMO,45.68542,8.97928
013129,Lipomo,COMO,45.79111,9.12223
013130,Livo,COMO,46.20098,9.29208
013131,Locate Varesino,COMO,45.69427,8.92123
013133,Lomazzo,COMO,45.69193,9.0318
013134,Longone al Segrino,COMO,45.82392,9.25779
013135,Luisago,COMO,45.76103,9.0435
013136,Lurago d'Erba,COMO,45.75705,9.21784
013137,Lurago Marinone,COMO,45.7051,8.976
013138,Lurate Caccivio,COMO,45.76454,8.99071
013139,Magreglio,COMO,45.91841,9.24501
013143,Mariano Comense,COMO,45.69612,9.17268
013144,Maslianico,COMO,45.84603,9.04781
013145,Menaggio,COMO,46.02377,9.23237
013147,Merone,COMO,45.78165,9.25007
013152,Moltrasio,COMO,45.87408,9.09498
013153,Monguzzo,COMO,45.77747,9.22457
013154,Montano Lucino,COMO,45.7903,9.02769
013155,Montemezzo,COMO,46.1975,9.36549
013157,Montorfano,COMO,45.78153,9.14605
013159,Mozzate,COMO,45.68058,8.9494
013160,Musso,COMO,46.11235,9.26911
013161,Nesso,COMO,45.90514,9.17444
013163,Novedrate,COMO,45.70018,9.13348
013165,Olgiate Comasco,COMO,45.7822,8.96821
013169,Oltrona di San Mamette,COMO,45.75503,8.97065
013170,Orsenigo,COMO,45.77789,9.17306
013178,Peglio,COMO,46.17963,9.27736
013183,Pianello del Lario,COMO,46.10275,9.25501
013184,Pigra,COMO,45.96555,9.12511
013185,Plesio,COMO,46.06538,9.21591
013186,Pognana Lario,COMO,45.88199,9.16466
013187,Ponna,COMO,45.99557,9.11305
013188,Ponte Lambro,COMO,45.82873,9.22105
013189,Porlezza,COMO,46.02809,9.12019
013192,Proserpio,COMO,45.83056,9.25292
013193,Pusiano,COMO,45.82051,9.28212
013195,Rezzago,COMO,45.85793,9.23509
013197,Rodero,COMO,45.82439,8.91821
013201,Rovellasca,COMO,45.66871,9.04608
013202,Rovello Porro,COMO,45.65716,9.0386
013203,Sala Comacina,COMO,45.97158,9.15564
013204,San Bartolomeo Val Cavargna,COMO,46.0952,9.15621
013206,San Fermo della Battaglia,COMO,45.80689,9.04059
013207,San Nazzaro Val Cavargna,COMO,46.10368,9.13571
013211,Schignano,COMO,45.92008,9.09719
013212,Senna Comasco,COMO,45.76108,9.10097
013216,Sorico,COMO,46.18848,9.40664
013217,Sormano,COMO,45.89282,9.23132
013218,Stazzona,COMO,46.14891,9.24505
013222,Tavernerio,COMO,45.81225,9.13924
013223,Torno,COMO,45.85122,9.12739
013226,Trezzone,COMO,46.18812,9.35288
013227,Turate,COMO,45.66231,9.00364
013229,Valbrona,COMO,45.88103,9.30346
013232,Valmorea,COMO,45.81744,8.93358
013233,Val Rezzo,COMO,46.07024,9.10091
013234,Valsolda,COMO,46.0291,9.05497
013236,Veleso,COMO,45.91605,9.18774
013238,Veniano,COMO,45.7181,8.97983
013239,Vercana,COMO,46.19224,9.33866
013242,Vertemate con Minoprio,COMO,45.72816,9.07789
013245,Villa Guardia,COMO,45.7738,9.02362
013246,Zelbio,COMO,45.90225,9.19312
013248,San Siro,COMO,46.04684,9.25701
013249,Gravedona ed Uniti,COMO,46.15766,9.21912
013250,Bellagio,COMO,45.95786,9.24634
013251,Colverde,COMO,45.80455,9.00126
013252,Tremezzina,COMO,45.98332,9.18463
013253,Alta Valle Intelvi,COMO,45.97267,9.03256
013254,Centro Valle Intelvi,COMO,45.9444,9.06125
013255,Solbiate con Cagno,COMO,45.80047,8.92046
013256,Uggiate con Ronago,COMO,45.82377,8.97036
014001,Albaredo per San Marco,SONDRIO,46.0786,9.61496
014002,Albosaggia,SONDRIO,46.10625,9.86304
014003,Andalo Valtellino,SONDRIO,46.11729,9.47513
014004,Aprica,SONDRIO,46.12681,10.14021
014005,Ardenno,SONDRIO,46.18059,9.64691
014006,Bema,SONDRIO,46.07877,9.5892
014007,Berbenno di Valtellina,SONDRIO,46.19873,9.73593
014008,Bianzone,SONDRIO,46.2001,10.09861
014009,Bormio,SONDRIO,46.49274,10.41519
014010,Buglio in Monte,SONDRIO,46.21608,9.70637
014011,Caiolo,SONDRIO,46.10239,9.81732
014012,Campodolcino,SONDRIO,46.4043,9.34929
014013,Caspoggio,SONDRIO,46.25298,9.8715
014014,Castello dell'Acqua,SONDRIO,46.13183,10.00907
014015,Castione Andevenno,SONDRIO,46.18706,9.8066
014016,Cedrasco,SONDRIO,46.10511,9.78858
014017,Cercino,SONDRIO,46.16241,9.50749
014018,Chiavenna,SONDRIO,46.3293,9.40561
014019,Chiesa in Valmalenco,SONDRIO,46.29579,9.79906
014020,Chiuro,SONDRIO,46.22046,10.01086
014021,Cino,SONDRIO,46.16839,9.4835
014022,Civo,SONDRIO,46.17884,9.58899
014023,Colorina,SONDRIO,46.14171,9.71977
014024,Cosio Valtellino,SONDRIO,46.12087,9.52738
014025,Dazio,SONDRIO,46.15869,9.61416
014026,Delebio,SONDRIO,46.11543,9.44409
014027,Dubino,SONDRIO,46.16692,9.44597
014028,Faedo Valtellino,SONDRIO,46.14154,9.90347
014029,Forcola,SONDRIO,46.13569,9.68472
014030,Fusine,SONDRIO,46.10624,9.76051
014031,Gerola Alta,SONDRIO,46.04697,9.5516
014032,Gordona,SONDRIO,46.27996,9.31934
014033,Grosio,SONDRIO,46.34601,10.22481
014034,Grosotto,SONDRIO,46.2956,10.22711
014035,Madesimo,SONDRIO,46.46159,9.32815
014036,Lanzada,SONDRIO,46.31258,9.91143
014037,Livigno,SONDRIO,46.52348,10.12913
014038,Lovero,SONDRIO,46.22953,10.2308
014039,Mantello,SONDRIO,46.15999,9.48125
014040,Mazzo di Valtellina,SONDRIO,46.26147,10.25243
014041,Mello,SONDRIO,46.17055,9.54104
014043,Mese,SONDRIO,46.30961,9.37186
014044,Montagna in Valtellina,SONDRIO,46.21989,9.92491
014045,Morbegno,SONDRIO,46.13056,9.59395
014046,Novate Mezzola,SONDRIO,46.24186,9.50047
014047,Pedesina,SONDRIO,46.07806,9.52542
014048,Piantedo,SONDRIO,46.12219,9.42601
014049,Piateda,SONDRIO,46.10619,9.91634
014050,Piuro,SONDRIO,46.39675,9.44198
014051,Poggiridenti,SONDRIO,46.17297,9.9256
014052,Ponte in Valtellina,SONDRIO,46.15441,9.99148
014053,Postalesio,SONDRIO,46.18859,9.77828
014054,Prata Camportaccio,SONDRIO,46.28673,9.42712
014055,Rasura,SONDRIO,46.09478,9.53045
014056,Rogolo,SONDRIO,46.10942,9.48096
014057,Samolaco,SONDRIO,46.2447,9.37726
014058,San Giacomo Filippo,SONDRIO,46.34916,9.35113
014059,Sernio,SONDRIO,46.22479,10.21246
014060,Sondalo,SONDRIO,46.34009,10.3703
014061,Sondrio,SONDRIO,46.18465,9.86141
014062,Spriana,SONDRIO,46.2151,9.88245
014063,Talamona,SONDRIO,46.12273,9.62944
014064,Tartano,SONDRIO,46.10323,9.69397
014065,Teglio,SONDRIO,46.13926,10.09574
014066,Tirano,SONDRIO,46.21901,10.18101
014067,Torre di Santa Maria,SONDRIO,46.23299,9.81671
014068,Tovo di Sant'Agata,SONDRIO,46.23198,10.26382
014069,Traona,SONDRIO,46.1611,9.53532
014070,Tresivio,SONDRIO,46.20007,9.95054
014071,Valdidentro,SONDRIO,46.50891,10.28216
014072,Valdisotto,SONDRIO,46.4226,10.34988
014073,Valfurva,SONDRIO,46.41659,10.51198
014074,Val Masino,SONDRIO,46.24561,9.64806
014075,Verceia,SONDRIO,46.19784,9.46957
014076,Vervio,SONDRIO,46.25958,10.20637
014077,Villa di Chiavenna,SONDRIO,46.3245,9.50374
014078,Villa di Tirano,SONDRIO,46.19162,10.1445
015002,Abbiategrasso,MILANO PROVINCIA,45.37002,8.90169
015005,Albairate,MILANO PROVINCIA,45.42449,8.94446
015007,Arconate,MILANO PROVINCIA,45.54265,8.84074
015009,Arese,MILANO PROVINCIA,45.54897,9.07257
015010,Arluno,MILANO PROVINCIA,45.50701,8.9489
015011,Assago,MILANO PROVINCIA,45.3993,9.1368
015012,Bareggio,MILANO PROVINCIA,45.47799,8.99839
015014,Basiano,MILANO PROVINCIA,45.57948,9.4643
015015,Basiglio,MILANO PROVINCIA,45.34835,9.16556
015016,Bellinzago Lombardo,MILANO PROVINCIA,45.53431,9.44518
015019,Bernate Ticino,MILANO PROVINCIA,45.47755,8.81353
015022,Besate,MILANO PROVINCIA,45.30362,8.96686
015024,Binasco,MILANO PROVINCIA,45.33042,9.10386
015026,Boffalora sopra Ticino,MILANO PROVINCIA,45.45573,8.83114
015027,Bollate,MILANO PROVINCIA,45.54968,9.11585
015032,Bresso,MILANO PROVINCIA,45.53651,9.19472
015035,Bubbiano,MILANO PROVINCIA,45.32883,9.00561
015036,Buccinasco,MILANO PROVINCIA,45.40711,9.10989
015038,Buscate,MILANO PROVINCIA,45.5441,8.81486
015040,Bussero,MILANO PROVINCIA,45.53547,9.3686
015041,Busto Garolfo,MILANO PROVINCIA,45.54225,8.88668
015042,Calvignasco,MILANO PROVINCIA,45.32568,9.02488
015044,Cambiago,MILANO PROVINCIA,45.5719,9.42087
015046,Canegrate,MILANO PROVINCIA,45.56707,8.92569
015050,Carpiano,MILANO PROVINCIA,45.34586,9.2733
015051,Carugate,MILANO PROVINCIA,45.55093,9.34414
015055,Casarile,MILANO PROVINCIA,45.31463,9.10177
015058,Casorezzo,MILANO PROVINCIA,45.52682,8.90738
015059,Cassano d'Adda,MILANO PROVINCIA,45.52954,9.51613
015060,Cassina de' Pecchi,MILANO PROVINCIA,45.51492,9.37685
015061,Cassinetta di Lugagnano,MILANO PROVINCIA,45.42524,8.90835
015062,Castano Primo,MILANO PROVINCIA,45.5483,8.76043
015070,Cernusco sul Naviglio,MILANO PROVINCIA,45.52414,9.33343
015071,Cerro al Lambro,MILANO PROVINCIA,45.33245,9.32719
015072,Cerro Maggiore,MILANO PROVINCIA,45.59021,8.96404
015074,Cesano Boscone,MILANO PROVINCIA,45.4404,9.08658
015076,Cesate,MILANO PROVINCIA,45.59809,9.08103
015077,Cinisello Balsamo,MILANO PROVINCIA,45.5579,9.22368
015078,Cisliano,MILANO PROVINCIA,45.44084,8.99058
015081,Cologno Monzese,MILANO PROVINCIA,45.53304,9.28417
015082,Colturano,MILANO PROVINCIA,45.37771,9.34246
015085,Corbetta,MILANO PROVINCIA,45.45904,8.93326
015086,Cormano,MILANO PROVINCIA,45.54438,9.1672
015087,Cornaredo,MILANO PROVINCIA,45.4882,9.0247
015093,Corsico,MILANO PROVINCIA,45.43484,9.09752
015096,Cuggiono,MILANO PROVINCIA,45.50705,8.79539
015097,Cusago,MILANO PROVINCIA,45.44768,9.02833
015098,Cusano Milanino,MILANO PROVINCIA,45.55249,9.18376
015099,Dairago,MILANO PROVINCIA,45.56328,8.85277
015101,Dresano,MILANO PROVINCIA,45.37597,9.3646
015103,Gaggiano,MILANO PROVINCIA,45.39676,9.02101
015105,Garbagnate Milanese,MILANO PROVINCIA,45.57372,9.07579
015106,Gessate,MILANO PROVINCIA,45.55772,9.43087
015108,Gorgonzola,MILANO PROVINCIA,45.52961,9.40636
015110,Grezzago,MILANO PROVINCIA,45.59083,9.495
015112,Gudo Visconti,MILANO PROVINCIA,45.3822,8.9913
015113,Inveruno,MILANO PROVINCIA,45.51786,8.85448
015114,Inzago,MILANO PROVINCIA,45.54045,9.47878
015115,Lacchiarella,MILANO PROVINCIA,45.31937,9.15758
015116,Lainate,MILANO PROVINCIA,45.56476,9.02567
015118,Legnano,MILANO PROVINCIA,45.59581,8.90598
015122,Liscate,MILANO PROVINCIA,45.47211,9.40728
015125,Locate di Triulzi,MILANO PROVINCIA,45.35897,9.22564
015130,Magenta,MILANO PROVINCIA,45.4512,8.8622
015131,Magnago,MILANO PROVINCIA,45.58102,8.80948
015134,Marcallo con Casone,MILANO PROVINCIA,45.48691,8.8645
015136,Masate,MILANO PROVINCIA,45.56712,9.46591
015139,Mediglia,MILANO PROVINCIA,45.41075,9.34158
015140,Melegnano,MILANO PROVINCIA,45.35532,9.31813
015142,Melzo,MILANO PROVINCIA,45.49881,9.42387
015144,Mesero,MILANO PROVINCIA,45.49405,8.85113
015146,Milano,MILANO CITTA',45.46129,9.1595
015150,Morimondo,MILANO PROVINCIA,45.3516,8.95468
015151,Motta Visconti,MILANO PROVINCIA,45.28337,8.9893
015154,Nerviano,MILANO PROVINCIA,45.54924,8.97905
015155,Nosate,MILANO PROVINCIA,45.55756,8.7228
015157,Novate Milanese,MILANO PROVINCIA,45.532,9.13987
015158,Noviglio,MILANO PROVINCIA,45.36347,9.06806
015159,Opera,MILANO PROVINCIA,45.37942,9.20963
015164,Ossona,MILANO PROVINCIA,45.50381,8.89394
015165,Ozzero,MILANO PROVINCIA,45.3635,8.91989
015166,Paderno Dugnano,MILANO PROVINCIA,45.57191,9.16915
015167,Pantigliate,MILANO PROVINCIA,45.44126,9.35966
015168,Parabiago,MILANO PROVINCIA,45.5517,8.9433
015169,Paullo,MILANO PROVINCIA,45.41447,9.40462
015170,Pero,MILANO PROVINCIA,45.51079,9.077
015171,Peschiera Borromeo,MILANO PROVINCIA,45.44239,9.30435
015172,Pessano con Bornago,MILANO PROVINCIA,45.55106,9.3854
015173,Pieve Emanuele,MILANO PROVINCIA,45.35329,9.1987
015175,Pioltello,MILANO PROVINCIA,45.48748,9.32549
015176,Pogliano Milanese,MILANO PROVINCIA,45.53668,8.99032
015177,Pozzo d'Adda,MILANO PROVINCIA,45.57245,9.49688
015178,Pozzuolo Martesana,MILANO PROVINCIA,45.51066,9.46064
015179,Pregnana Milanese,MILANO PROVINCIA,45.5165,9.00408
015181,Rescaldina,MILANO PROVINCIA,45.62417,8.95392
015182,Rho,MILANO PROVINCIA,45.53104,9.05143
015183,Robecchetto con Induno,MILANO PROVINCIA,45.52011,8.75923
015184,Robecco sul Naviglio,MILANO PROVINCIA,45.42529,8.87012
015185,Rodano,MILANO PROVINCIA,45.47461,9.34833
015188,Rosate,MILANO PROVINCIA,45.35333,9.02208
015189,Rozzano,MILANO PROVINCIA,45.38166,9.16383
015191,San Colombano al Lambro,MILANO PROVINCIA,45.18173,9.48489
015192,San Donato Milanese,MILANO PROVINCIA,45.41363,9.25793
015194,San Giorgio su Legnano,MILANO PROVINCIA,45.56926,8.90972
015195,San Giuliano Milanese,MILANO PROVINCIA,45.38054,9.27792
015200,Santo Stefano Ticino,MILANO PROVINCIA,45.49052,8.91269
015201,San Vittore Olona,MILANO PROVINCIA,45.58276,8.94614
015202,San Zenone al Lambro,MILANO PROVINCIA,45.3232,9.36706
015204,Sedriano,MILANO PROVINCIA,45.48398,8.97581
015205,Segrate,MILANO PROVINCIA,45.48276,9.28589
015206,Senago,MILANO PROVINCIA,45.57219,9.12067
015209,Sesto San Giovanni,MILANO PROVINCIA,45.53705,9.23934
015210,Settala,MILANO PROVINCIA,45.45339,9.39111
015211,Settimo Milanese,MILANO PROVINCIA,45.48349,9.05488
015213,Solaro,MILANO PROVINCIA,45.61367,9.08068
015219,Trezzano Rosa,MILANO PROVINCIA,45.58379,9.48388
015220,Trezzano sul Naviglio,MILANO PROVINCIA,45.42189,9.05713
015221,Trezzo sull'Adda,MILANO PROVINCIA,45.61336,9.50448
015222,Tribiano,MILANO PROVINCIA,45.40473,9.37296
015224,Truccazzano,MILANO PROVINCIA,45.47942,9.4724
015226,Turbigo,MILANO PROVINCIA,45.52583,8.73663
015229,Vanzago,MILANO PROVINCIA,45.51984,8.98542
015230,Vaprio d'Adda,MILANO PROVINCIA,45.57227,9.51963
015236,Vernate,MILANO PROVINCIA,45.3196,9.05618
015237,Vignate,MILANO PROVINCIA,45.49512,9.37747
015242,Vimodrone,MILANO PROVINCIA,45.51538,9.28715
015243,Vittuone,MILANO PROVINCIA,45.47746,8.95674
015244,Vizzolo Predabissi,MILANO PROVINCIA,45.35863,9.34798
015247,Zibido San Giacomo,MILANO PROVINCIA,45.3734,9.10911
015248,Villa Cortese,MILANO PROVINCIA,45.56806,8.88666
015249,Vanzaghello,MILANO PROVINCIA,45.58357,8.77772
015250,Baranzate,MILANO PROVINCIA,45.52811,9.11084
015251,Vermezzo con Zelo,MILANO PROVINCIA,45.39086,8.9815
016001,Adrara San Martino,BERGAMO,45.71588,9.9619
016002,Adrara San Rocco,BERGAMO,45.73004,9.97034
016003,Albano Sant'Alessandro,BERGAMO,45.6874,9.77294
016004,Albino,BERGAMO,45.75895,9.81988
016005,Almè,BERGAMO,45.73853,9.61469
016006,Almenno San Bartolomeo,BERGAMO,45.74803,9.56956
016007,Almenno San Salvatore,BERGAMO,45.75148,9.58978
016008,Alzano Lombardo,BERGAMO,45.75305,9.7141
016009,Ambivere,BERGAMO,45.72134,9.53946
016010,Antegnate,BERGAMO,45.48611,9.79765
016011,Arcene,BERGAMO,45.57421,9.61078
016012,Ardesio,BERGAMO,45.94711,9.89681
016013,Arzago d'Adda,BERGAMO,45.474,9.56569
016014,Averara,BERGAMO,46.01244,9.62847
016015,Aviatico,BERGAMO,45.7908,9.79114
016016,Azzano San Paolo,BERGAMO,45.65844,9.68136
016017,Azzone,BERGAMO,45.96682,10.13887
016018,Bagnatica,BERGAMO,45.65683,9.76628
016019,Barbata,BERGAMO,45.45663,9.77138
016020,Bariano,BERGAMO,45.51376,9.707
016021,Barzana,BERGAMO,45.73112,9.56896
016022,Bedulita,BERGAMO,45.79321,9.54431
016023,Berbenno,BERGAMO,45.80624,9.56872
016024,Bergamo,BERGAMO,45.69341,9.66653
016025,Berzo San Fermo,BERGAMO,45.71489,9.91284
016026,Bianzano,BERGAMO,45.77455,9.89744
016027,Blello,BERGAMO,45.83568,9.57198
016028,Bolgare,BERGAMO,45.62949,9.81245
016029,Boltiere,BERGAMO,45.59861,9.57929
016030,Bonate Sopra,BERGAMO,45.68278,9.56369
016031,Bonate Sotto,BERGAMO,45.66082,9.56188
016032,Borgo di Terzo,BERGAMO,45.72503,9.8766
016033,Bossico,BERGAMO,45.84255,10.04712
016034,Bottanuco,BERGAMO,45.63739,9.51462
016035,Bracca,BERGAMO,45.82187,9.70522
016036,Branzi,BERGAMO,46.00423,9.78166
016037,Brembate,BERGAMO,45.60883,9.54913
016038,Brembate di Sopra,BERGAMO,45.71561,9.58009
016040,Brignano Gera d'Adda,BERGAMO,45.54548,9.65501
016041,Brumano,BERGAMO,45.854,9.49821
016042,Brusaporto,BERGAMO,45.67079,9.76231
016043,Calcinate,BERGAMO,45.6214,9.78793
016044,Calcio,BERGAMO,45.50331,9.8454
016046,Calusco d'Adda,BERGAMO,45.68565,9.48101
016047,Calvenzano,BERGAMO,45.48944,9.6014
016048,Camerata Cornello,BERGAMO,45.9141,9.64104
016049,Canonica d'Adda,BERGAMO,45.57945,9.54384
016050,Capizzone,BERGAMO,45.78899,9.57637
016051,Capriate San Gervasio,BERGAMO,45.60914,9.53129
016052,Caprino Bergamasco,BERGAMO,45.76043,9.5003
016053,Caravaggio,BERGAMO,45.48591,9.65388
016055,Carobbio degli Angeli,BERGAMO,45.65953,9.84928
016056,Carona,BERGAMO,46.02709,9.83758
016057,Carvico,BERGAMO,45.70645,9.49442
016058,Casazza,BERGAMO,45.74931,9.90615
016059,Casirate d'Adda,BERGAMO,45.49996,9.5529
016060,Casnigo,BERGAMO,45.82021,9.8716
016061,Cassiglio,BERGAMO,45.95515,9.60774
016062,Castelli Calepio,BERGAMO,45.63183,9.89888
016063,Castel Rozzone,BERGAMO,45.55268,9.61937
016064,Castione della Presolana,BERGAMO,45.91934,10.05661
016065,Castro,BERGAMO,45.80044,10.06562
016066,Cavernago,BERGAMO,45.62188,9.76211
016067,Cazzano Sant'Andrea,BERGAMO,45.80813,9.87554
016068,Cenate Sopra,BERGAMO,45.7189,9.81915
016069,Cenate Sotto,BERGAMO,45.70002,9.81422
016070,Cene,BERGAMO,45.77964,9.84805
016071,Cerete,BERGAMO,45.85449,9.99865
016072,Chignolo d'Isola,BERGAMO,45.66448,9.52861
016073,Chiuduno,BERGAMO,45.65123,9.85174
016074,Cisano Bergamasco,BERGAMO,45.75013,9.46875
016075,Ciserano,BERGAMO,45.58481,9.59689
016076,Cividate al Piano,BERGAMO,45.54651,9.82907
016077,Clusone,BERGAMO,45.87569,9.93646
016078,Colere,BERGAMO,45.95814,10.07472
016079,Cologno al Serio,BERGAMO,45.57511,9.71106
016080,Colzate,BERGAMO,45.82994,9.82809
016081,Comun Nuovo,BERGAMO,45.6128,9.66072
016082,Corna Imagna,BERGAMO,45.83632,9.54757
016083,Cortenuova,BERGAMO,45.53351,9.80045
016084,Costa di Mezzate,BERGAMO,45.65578,9.79677
016085,Costa Valle Imagna,BERGAMO,45.80211,9.5021
016086,Costa Volpino,BERGAMO,45.83817,10.08954
016087,Covo,BERGAMO,45.50262,9.78742
016088,Credaro,BERGAMO,45.6617,9.91482
016089,Curno,BERGAMO,45.68615,9.60719
016090,Cusio,BERGAMO,46.0002,9.60146
016091,Dalmine,BERGAMO,45.64677,9.59924
016092,Dossena,BERGAMO,45.89505,9.70176
016093,Endine Gaiano,BERGAMO,45.78317,9.97927
016094,Entratico,BERGAMO,45.70266,9.87807
016096,Fara Gera d'Adda,BERGAMO,45.54507,9.54644
016097,Fara Olivana con Sola,BERGAMO,45.49102,9.73468
016098,Filago,BERGAMO,45.62953,9.55035
016099,Fino del Monte,BERGAMO,45.90542,9.9979
016100,Fiorano al Serio,BERGAMO,45.80436,9.83579
016101,Fontanella,BERGAMO,45.45211,9.80589
016102,Fonteno,BERGAMO,45.75235,10.00003
016103,Foppolo,BERGAMO,46.04805,9.76084
016104,Foresto Sparso,BERGAMO,45.69297,9.91243
016105,Fornovo San Giovanni,BERGAMO,45.49108,9.69617
016106,Fuipiano Valle Imagna,BERGAMO,45.85757,9.53386
016107,Gandellino,BERGAMO,46.00728,9.93666
016108,Gandino,BERGAMO,45.82697,9.92889
016109,Gandosso,BERGAMO,45.66143,9.89635
016110,Gaverina Terme,BERGAMO,45.75599,9.88351
016111,Gazzaniga,BERGAMO,45.81385,9.80289
016113,Ghisalba,BERGAMO,45.59425,9.76384
016114,Gorlago,BERGAMO,45.66769,9.83976
016115,Gorle,BERGAMO,45.70106,9.71419
016116,Gorno,BERGAMO,45.87334,9.84395
016117,Grassobbio,BERGAMO,45.64981,9.72407
016118,Gromo,BERGAMO,45.97382,9.97025
016119,Grone,BERGAMO,45.73087,9.92897
016120,Grumello del Monte,BERGAMO,45.6377,9.87348
016121,Isola di Fondra,BERGAMO,45.97823,9.74882
016122,Isso,BERGAMO,45.47027,9.74317
016123,Lallio,BERGAMO,45.66315,9.62548
016124,Leffe,BERGAMO,45.79008,9.88212
016125,Lenna,BERGAMO,45.93138,9.68263
016126,Levate,BERGAMO,45.62894,9.62659
016127,Locatello,BERGAMO,45.84154,9.53055
016128,Lovere,BERGAMO,45.82251,10.06775
016129,Lurano,BERGAMO,45.56854,9.64161
016130,Luzzana,BERGAMO,45.72134,9.86796
016131,Madone,BERGAMO,45.65065,9.54579
016132,Mapello,BERGAMO,45.70881,9.54086
016133,Martinengo,BERGAMO,45.56019,9.77441
016134,Mezzoldo,BERGAMO,46.02453,9.65972
016135,Misano di Gera d'Adda,BERGAMO,45.4675,9.62902
016136,Moio de' Calvi,BERGAMO,45.96257,9.70394
016137,Monasterolo del Castello,BERGAMO,45.75925,9.93824
016139,Montello,BERGAMO,45.6723,9.79934
016140,Morengo,BERGAMO,45.53934,9.71267
016141,Mornico al Serio,BERGAMO,45.58453,9.80291
016142,Mozzanica,BERGAMO,45.46731,9.69387
016143,Mozzo,BERGAMO,45.70167,9.60986
016144,Nembro,BERGAMO,45.75344,9.75661
016145,Olmo al Brembo,BERGAMO,45.97012,9.65135
016146,Oltre il Colle,BERGAMO,45.91203,9.77882
016147,Oltressenda Alta,BERGAMO,45.94497,9.98153
016148,Oneta,BERGAMO,45.87489,9.80853
016149,Onore,BERGAMO,45.89303,10.02768
016150,Orio al Serio,BERGAMO,45.66929,9.69562
016151,Ornica,BERGAMO,45.9935,9.56355
016152,Osio Sopra,BERGAMO,45.63085,9.58554
016153,Osio Sotto,BERGAMO,45.61344,9.58653
016154,Pagazzano,BERGAMO,45.53599,9.67426
016155,Paladina,BERGAMO,45.72905,9.61349
016156,Palazzago,BERGAMO,45.75332,9.53588
016157,Palosco,BERGAMO,45.58116,9.83293
016158,Parre,BERGAMO,45.90192,9.88292
016159,Parzanica,BERGAMO,45.73811,10.04299
016160,Pedrengo,BERGAMO,45.69598,9.7399
016161,Peia,BERGAMO,45.79458,9.91482
016162,Pianico,BERGAMO,45.80645,10.03918
016163,Piario,BERGAMO,45.89288,9.92267
016164,Piazza Brembana,BERGAMO,45.94916,9.65771
016165,Piazzatorre,BERGAMO,46.00699,9.6942
016166,Piazzolo,BERGAMO,45.97273,9.67369
016167,Pognano,BERGAMO,45.58374,9.6385
016168,Ponte Nossa,BERGAMO,45.86154,9.88604
016169,Ponteranica,BERGAMO,45.74321,9.66952
016170,Ponte San Pietro,BERGAMO,45.70015,9.57916
016171,Pontida,BERGAMO,45.73238,9.48792
016172,Pontirolo Nuovo,BERGAMO,45.57615,9.57145
016173,Pradalunga,BERGAMO,45.73865,9.79215
016174,Predore,BERGAMO,45.68493,10.02235
016175,Premolo,BERGAMO,45.89709,9.85006
016176,Presezzo,BERGAMO,45.69391,9.5701
016177,Pumenengo,BERGAMO,45.47131,9.86265
016178,Ranica,BERGAMO,45.72839,9.70965
016179,Ranzanico,BERGAMO,45.78895,9.9396
016180,Riva di Solto,BERGAMO,45.76522,10.03279
016182,Rogno,BERGAMO,45.86079,10.117
016183,Romano di Lombardia,BERGAMO,45.52308,9.75933
016184,Roncobello,BERGAMO,45.95402,9.763
016185,Roncola,BERGAMO,45.78036,9.54284
016186,Rota d'Imagna,BERGAMO,45.83595,9.51057
016187,Rovetta,BERGAMO,45.90787,10.00356
016188,San Giovanni Bianco,BERGAMO,45.88497,9.64887
016189,San Paolo d'Argon,BERGAMO,45.68937,9.80211
016190,San Pellegrino Terme,BERGAMO,45.84023,9.65825
016191,Santa Brigida,BERGAMO,45.99725,9.61687
016193,Sarnico,BERGAMO,45.67508,9.97028
016194,Scanzorosciate,BERGAMO,45.71365,9.7613
016195,Schilpario,BERGAMO,46.02178,10.18315
016196,Sedrina,BERGAMO,45.77551,9.62989
016197,Selvino,BERGAMO,45.7848,9.74789
016198,Seriate,BERGAMO,45.66264,9.7295
016199,Serina,BERGAMO,45.88586,9.73697
016200,Solto Collina,BERGAMO,45.78236,10.02932
016201,Songavazzo,BERGAMO,45.86985,10.03366
016202,Sorisole,BERGAMO,45.75031,9.64879
016203,Sotto il Monte Giovanni XXIII,BERGAMO,45.70626,9.51069
016204,Sovere,BERGAMO,45.82391,10.01664
016205,Spinone al Lago,BERGAMO,45.76598,9.91921
016206,Spirano,BERGAMO,45.58213,9.66912
016207,Stezzano,BERGAMO,45.64621,9.65121
016208,Strozza,BERGAMO,45.77031,9.58052
016209,Suisio,BERGAMO,45.65689,9.50601
016210,Taleggio,BERGAMO,45.90236,9.5729
016211,Tavernola Bergamasca,BERGAMO,45.70017,10.04429
016212,Telgate,BERGAMO,45.61966,9.85083
016213,Terno d'Isola,BERGAMO,45.68537,9.52682
016214,Torre Boldone,BERGAMO,45.72247,9.70321
016215,Torre de' Busi,BERGAMO,45.7786,9.48451
016216,Torre de' Roveri,BERGAMO,45.70068,9.77816
016217,Torre Pallavicina,BERGAMO,45.44699,9.85959
016218,Trescore Balneario,BERGAMO,45.69822,9.85627
016219,Treviglio,BERGAMO,45.53413,9.59086
016220,Treviolo,BERGAMO,45.67293,9.6067
016221,Ubiale Clanezzo,BERGAMO,45.78099,9.60899
016222,Urgnano,BERGAMO,45.60186,9.70838
016223,Valbondione,BERGAMO,46.03663,10.00545
016224,Valbrembo,BERGAMO,45.71853,9.60755
016225,Valgoglio,BERGAMO,45.98341,9.87587
016226,Valleve,BERGAMO,46.03921,9.72512
016227,Valnegra,BERGAMO,45.95877,9.68466
016229,Valtorta,BERGAMO,45.98024,9.53487
016230,Vedeseta,BERGAMO,45.91132,9.5427
016232,Verdellino,BERGAMO,45.60323,9.61008
016233,Verdello,BERGAMO,45.60068,9.63776
016234,Vertova,BERGAMO,45.8306,9.81471
016235,Viadanica,BERGAMO,45.68947,9.9722
016236,Vigano San Martino,BERGAMO,45.73068,9.8892
016237,Vigolo,BERGAMO,45.72125,10.01436
016238,Villa d'Adda,BERGAMO,45.7149,9.46643
016239,Villa d'Almè,BERGAMO,45.75235,9.62285
016240,Villa di Serio,BERGAMO,45.72456,9.7465
016241,Villa d'Ogna,BERGAMO,45.90749,9.93585
016242,Villongo,BERGAMO,45.67549,9.9264
016243,Vilminore di Scalve,BERGAMO,46.0124,10.06927
016244,Zandobbio,BERGAMO,45.68416,9.87698
016245,Zanica,BERGAMO,45.63628,9.7052
016246,Zogno,BERGAMO,45.79652,9.67796
016247,Costa Serina,BERGAMO,45.82254,9.74555
016248,Algua,BERGAMO,45.81761,9.73468
016249,Cornalba,BERGAMO,45.85564,9.75905
016250,Medolago,BERGAMO,45.67334,9.49574
016251,Solza,BERGAMO,45.67821,9.48918
016252,Sant'Omobono Terme,BERGAMO,45.81766,9.51856
016253,Val Brembilla,BERGAMO,45.82452,9.59666
017001,Acquafredda,BRESCIA,45.30474,10.40798
017002,Adro,BRESCIA,45.62219,9.96818
017003,Agnosine,BRESCIA,45.63973,10.34621
017004,Alfianello,BRESCIA,45.26526,10.1514
017005,Anfo,BRESCIA,45.78313,10.47859
017006,Angolo Terme,BRESCIA,45.90298,10.13489
017007,Artogne,BRESCIA,45.83719,10.19974
017008,Azzano Mella,BRESCIA,45.46711,10.10991
017009,Bagnolo Mella,BRESCIA,45.42023,10.18494
017010,Bagolino,BRESCIA,45.8646,10.45559
017011,Barbariga,BRESCIA,45.40741,10.04795
017012,Barghe,BRESCIA,45.68006,10.40598
017013,Bassano Bresciano,BRESCIA,45.32145,10.13058
017014,Bedizzole,BRESCIA,45.49893,10.41699
017015,Berlingo,BRESCIA,45.50481,10.0346
017016,Berzo Demo,BRESCIA,46.10315,10.34785
017017,Berzo Inferiore,BRESCIA,45.89853,10.29376
017018,Bienno,BRESCIA,45.90639,10.3619
017019,Bione,BRESCIA,45.67384,10.33593
017020,Borgo San Giacomo,BRESCIA,45.34564,9.984
017021,Borgosatollo,BRESCIA,45.48149,10.23674
017022,Borno,BRESCIA,45.95669,10.17087
017023,Botticino,BRESCIA,45.54959,10.31343
017024,Bovegno,BRESCIA,45.81748,10.27927
017025,Bovezzo,BRESCIA,45.60159,10.2495
017026,Brandico,BRESCIA,45.45284,10.04252
017027,Braone,BRESCIA,45.9698,10.37636
017028,Breno,BRESCIA,45.94146,10.38558
017029,Brescia,BRESCIA,45.53535,10.22364
017030,Brione,BRESCIA,45.64029,10.15567
017031,Caino,BRESCIA,45.61902,10.32482
017032,Calcinato,BRESCIA,45.45237,10.39965
017033,Calvagese della Riviera,BRESCIA,45.52848,10.45694
017034,Calvisano,BRESCIA,45.35689,10.35186
017035,Capo di Ponte,BRESCIA,46.0457,10.31304
017036,Capovalle,BRESCIA,45.74549,10.53617
017037,Capriano del Colle,BRESCIA,45.44912,10.13949
017038,Capriolo,BRESCIA,45.63775,9.94032
017039,Carpenedolo,BRESCIA,45.35192,10.43415
017040,Castegnato,BRESCIA,45.55646,10.11527
017041,Castelcovati,BRESCIA,45.49877,9.9437
017042,Castel Mella,BRESCIA,45.50102,10.14532
017043,Castenedolo,BRESCIA,45.46542,10.29842
017044,Casto,BRESCIA,45.69328,10.30834
017045,Castrezzato,BRESCIA,45.50961,9.98053
017046,Cazzago San Martino,BRESCIA,45.56552,10.03232
017047,Cedegolo,BRESCIA,46.06477,10.38643
017048,Cellatica,BRESCIA,45.57459,10.17925
017049,Cerveno,BRESCIA,46.01346,10.28495
017050,Ceto,BRESCIA,45.99384,10.40347
017051,Cevo,BRESCIA,46.06689,10.42658
017052,Chiari,BRESCIA,45.52725,9.91736
017053,Cigole,BRESCIA,45.31394,10.18598
017054,Cimbergo,BRESCIA,46.02557,10.40649
017055,Cividate Camuno,BRESCIA,45.94058,10.26576
017056,Coccaglio,BRESCIA,45.55572,9.96478
017057,Collebeato,BRESCIA,45.58538,10.20599
017058,Collio,BRESCIA,45.82831,10.35473
017059,Cologne,BRESCIA,45.57785,9.92969
017060,Comezzano-Cizzago,BRESCIA,45.46496,9.95136
017061,Concesio,BRESCIA,45.61147,10.21559
017062,Corte Franca,BRESCIA,45.629,10.00125
017063,Corteno Golgi,BRESCIA,46.13594,10.22912
017064,Corzano,BRESCIA,45.4377,10.02106
017065,Darfo Boario Terme,BRESCIA,45.88823,10.20085
017066,Dello,BRESCIA,45.41882,10.10176
017067,Desenzano del Garda,BRESCIA,45.45246,10.56463
017068,Edolo,BRESCIA,46.17658,10.37226
017069,Erbusco,BRESCIA,45.59371,9.95943
017070,Esine,BRESCIA,45.8895,10.25975
017071,Fiesse,BRESCIA,45.22781,10.33322
017072,Flero,BRESCIA,45.47991,10.16995
017073,Gambara,BRESCIA,45.25595,10.31193
017074,Gardone Riviera,BRESCIA,45.63991,10.5821
017075,Gardone Val Trompia,BRESCIA,45.70798,10.17489
017076,Gargnano,BRESCIA,45.70349,10.63079
017077,Gavardo,BRESCIA,45.59147,10.44777
017078,Ghedi,BRESCIA,45.39453,10.2708
017079,Gianico,BRESCIA,45.85338,10.21359
017080,Gottolengo,BRESCIA,45.30915,10.27339
017081,Gussago,BRESCIA,45.5912,10.15086
017082,Idro,BRESCIA,45.76108,10.49784
017083,Incudine,BRESCIA,46.23333,10.36877
017084,Irma,BRESCIA,45.77464,10.2993
017085,Iseo,BRESCIA,45.66576,10.04
017086,Isorella,BRESCIA,45.30647,10.31437
017087,Lavenone,BRESCIA,45.76178,10.4294
017088,Leno,BRESCIA,45.36105,10.21612
017089,Limone sul Garda,BRESCIA,45.82028,10.79833
017090,Lodrino,BRESCIA,45.71412,10.27106
017091,Lograto,BRESCIA,45.485,10.07518
017092,Lonato del Garda,BRESCIA,45.44394,10.52146
017093,Longhena,BRESCIA,45.43526,10.05965
017094,Losine,BRESCIA,45.97988,10.30878
017095,Lozio,BRESCIA,45.99731,10.24092
017096,Lumezzane,BRESCIA,45.64987,10.27248
017097,Maclodio,BRESCIA,45.48043,10.04011
017098,Magasa,BRESCIA,45.78061,10.63358
017099,Mairano,BRESCIA,45.45714,10.08155
017100,Malegno,BRESCIA,45.95924,10.2729
017101,Malonno,BRESCIA,46.12546,10.29628
017102,Manerba del Garda,BRESCIA,45.55236,10.58006
017103,Manerbio,BRESCIA,45.35208,10.1418
017104,Marcheno,BRESCIA,45.71665,10.21517
017105,Marmentino,BRESCIA,45.75769,10.29271
017106,Marone,BRESCIA,45.75029,10.11518
017107,Mazzano,BRESCIA,45.50304,10.35265
017108,Milzano,BRESCIA,45.27315,10.19284
017109,Moniga del Garda,BRESCIA,45.52701,10.57634
017110,Monno,BRESCIA,46.24237,10.31649
017111,Monte Isola,BRESCIA,45.70823,10.08106
017112,Monticelli Brusati,BRESCIA,45.63592,10.09774
017113,Montichiari,BRESCIA,45.41115,10.38808
017114,Montirone,BRESCIA,45.44723,10.22962
017115,Mura,BRESCIA,45.71593,10.34417
017116,Muscoline,BRESCIA,45.55795,10.46386
017117,Nave,BRESCIA,45.59062,10.29091
017118,Niardo,BRESCIA,45.9555,10.36414
017119,Nuvolento,BRESCIA,45.54054,10.38146
017120,Nuvolera,BRESCIA,45.53819,10.3674
017121,Odolo,BRESCIA,45.63761,10.39041
017122,Offlaga,BRESCIA,45.37897,10.11175
017123,Ome,BRESCIA,45.63203,10.12421
017124,Ono San Pietro,BRESCIA,46.03787,10.29467
017125,Orzinuovi,BRESCIA,45.39799,9.95723
017126,Orzivecchi,BRESCIA,45.42473,9.96381
017127,Ospitaletto,BRESCIA,45.55244,10.07776
017128,Ossimo,BRESCIA,45.96828,10.22173
017129,Padenghe sul Garda,BRESCIA,45.50609,10.55589
017130,Paderno Franciacorta,BRESCIA,45.5813,10.08582
017131,Paisco Loveno,BRESCIA,46.07287,10.24065
017132,Paitone,BRESCIA,45.56966,10.39812
017133,Palazzolo sull'Oglio,BRESCIA,45.58835,9.8923
017134,Paratico,BRESCIA,45.65664,9.95767
017135,Paspardo,BRESCIA,46.04413,10.38097
017136,Passirano,BRESCIA,45.59241,10.05672
017137,Pavone del Mella,BRESCIA,45.3025,10.22
017138,San Paolo,BRESCIA,45.37267,10.03196
017139,Pertica Alta,BRESCIA,45.74901,10.34253
017140,Pertica Bassa,BRESCIA,45.75793,10.37938
017141,Pezzaze,BRESCIA,45.78445,10.22023
017142,Pian Camuno,BRESCIA,45.83051,10.16423
017143,Pisogne,BRESCIA,45.79808,10.13395
017144,Polaveno,BRESCIA,45.66697,10.1314
017145,Polpenazze del Garda,BRESCIA,45.54618,10.49868
017146,Pompiano,BRESCIA,45.41919,9.99641
017147,Poncarale,BRESCIA,45.45842,10.18287
017148,Ponte di Legno,BRESCIA,46.26873,10.5091
017149,Pontevico,BRESCIA,45.27848,10.09948
017150,Pontoglio,BRESCIA,45.5632,9.85791
017151,Pozzolengo,BRESCIA,45.41301,10.62028
017152,Pralboino,BRESCIA,45.26563,10.23515
017153,Preseglie,BRESCIA,45.66869,10.38531
017155,Prevalle,BRESCIA,45.54439,10.41953
017156,Provaglio d'Iseo,BRESCIA,45.63113,10.05228
017157,Provaglio Val Sabbia,BRESCIA,45.68537,10.44209
017158,Puegnago del Garda,BRESCIA,45.57111,10.5125
017159,Quinzano d'Oglio,BRESCIA,45.31276,10.00725
017160,Remedello,BRESCIA,45.27113,10.36722
017161,Rezzato,BRESCIA,45.50778,10.31406
017162,Roccafranca,BRESCIA,45.4563,9.91828
017163,Rodengo Saiano,BRESCIA,45.59076,10.11026
017164,Roè Volciano,BRESCIA,45.61821,10.49831
017165,Roncadelle,BRESCIA,45.53369,10.14746
017166,Rovato,BRESCIA,45.54805,10.01198
017167,Rudiano,BRESCIA,45.48547,9.89428
017168,Sabbio Chiese,BRESCIA,45.64513,10.43793
017169,Sale Marasino,BRESCIA,45.7052,10.13244
017170,Salò,BRESCIA,45.6135,10.55615
017171,San Felice del Benaco,BRESCIA,45.58803,10.57918
017172,San Gervasio Bresciano,BRESCIA,45.30025,10.15148
017173,San Zeno Naviglio,BRESCIA,45.48665,10.21428
017174,Sarezzo,BRESCIA,45.66262,10.20235
017175,Saviore dell'Adamello,BRESCIA,46.12707,10.47709
017176,Sellero,BRESCIA,46.06436,10.32451
017177,Seniga,BRESCIA,45.24661,10.1894
017178,Serle,BRESCIA,45.57667,10.36062
017179,Sirmione,BRESCIA,45.47849,10.61238
017180,Soiano del Lago,BRESCIA,45.53154,10.50499
017181,Sonico,BRESCIA,46.14161,10.41054
017182,Sulzano,BRESCIA,45.68168,10.10624
017183,Tavernole sul Mella,BRESCIA,45.74794,10.20745
017184,Temù,BRESCIA,46.25744,10.47865
017185,Tignale,BRESCIA,45.74272,10.70239
017186,Torbole Casaglia,BRESCIA,45.50198,10.11404
017187,Toscolano Maderno,BRESCIA,45.65616,10.60786
017188,Travagliato,BRESCIA,45.5194,10.0764
017189,Tremosine sul Garda,BRESCIA,45.79193,10.72491
017190,Trenzano,BRESCIA,45.48504,10.00274
017191,Treviso Bresciano,BRESCIA,45.71195,10.47202
017192,Urago d'Oglio,BRESCIA,45.52085,9.8787
017193,Vallio Terme,BRESCIA,45.61381,10.3897
017194,Valvestino,BRESCIA,45.76295,10.59561
017195,Verolanuova,BRESCIA,45.3375,10.07713
017196,Verolavecchia,BRESCIA,45.31437,10.04897
017197,Vestone,BRESCIA,45.70966,10.3984
017198,Vezza d'Oglio,BRESCIA,46.26771,10.38969
017199,Villa Carcina,BRESCIA,45.63822,10.19703
017200,Villachiara,BRESCIA,45.35629,9.91578
017201,Villanuova sul Clisi,BRESCIA,45.60938,10.46546
017202,Vione,BRESCIA,46.26002,10.44011
017203,Visano,BRESCIA,45.31331,10.36725
017204,Vobarno,BRESCIA,45.67528,10.49613
017205,Zone,BRESCIA,45.76235,10.13361
017206,Piancogno,BRESCIA,45.92951,10.19178
018001,Alagna,PAVIA,45.16553,8.89215
018003,Albonese,PAVIA,45.29199,8.70643
018004,Albuzzano,PAVIA,45.18859,9.26806
018005,Arena Po,PAVIA,45.08415,9.38577
018006,Badia Pavese,PAVIA,45.1233,9.45672
018007,Bagnaria,PAVIA,44.82679,9.13545
018008,Barbianello,PAVIA,45.07854,9.20804
018009,Bascapè,PAVIA,45.299,9.32526
018011,Bastida Pancarana,PAVIA,45.09818,9.08854
018012,Battuda,PAVIA,45.27175,9.06365
018013,Belgioioso,PAVIA,45.13941,9.31208
018014,Bereguardo,PAVIA,45.25267,9.01239
018015,Borgarello,PAVIA,45.24065,9.15109
018016,Borgo Priolo,PAVIA,44.95665,9.14914
018017,Borgoratto Mormorolo,PAVIA,44.94362,9.20038
018018,Borgo San Siro,PAVIA,45.24229,8.93187
018019,Bornasco,PAVIA,45.26738,9.20807
018020,Bosnasco,PAVIA,45.05679,9.36679
018021,Brallo di Pregola,PAVIA,44.72185,9.28362
018022,Breme,PAVIA,45.13035,8.62093
018023,Bressana Bottarone,PAVIA,45.08357,9.12496
018024,Broni,PAVIA,45.07475,9.2454
018025,Calvignano,PAVIA,44.98433,9.1644
018026,Campospinoso Albaredo,PAVIA,45.11134,9.24074
018027,Candia Lomellina,PAVIA,45.1774,8.58543
018029,Canneto Pavese,PAVIA,45.04821,9.28498
018030,Carbonara al Ticino,PAVIA,45.17382,9.08249
018031,Casanova Lonati,PAVIA,45.09495,9.21587
018032,Casatisma,PAVIA,45.05388,9.12234
018033,Casei Gerola,PAVIA,45.02046,8.92612
018034,Casorate Primo,PAVIA,45.30303,9.01271
018035,Cassolnovo,PAVIA,45.36907,8.7938
018036,Castana,PAVIA,45.02536,9.28002
018037,Casteggio,PAVIA,45.00997,9.13466
018038,Castelletto di Branduzzo,PAVIA,45.07177,9.09498
018039,Castello d'Agogna,PAVIA,45.23569,8.68593
018040,Castelnovetto,PAVIA,45.24891,8.62857
018041,Cava Manara,PAVIA,45.12638,9.11249
018042,Cecima,PAVIA,44.84125,9.07269
018043,Ceranova,PAVIA,45.25708,9.24958
018044,Ceretto Lomellina,PAVIA,45.24768,8.6708
018045,Cergnago,PAVIA,45.19715,8.76138
018046,Certosa di Pavia,PAVIA,45.25282,9.12608
018047,Cervesina,PAVIA,45.0626,9.01324
018048,Chignolo Po,PAVIA,45.1435,9.49228
018049,Cigognola,PAVIA,45.03905,9.24806
018050,Cilavegna,PAVIA,45.31143,8.7542
018051,Codevilla,PAVIA,44.9664,9.05773
018052,Confienza,PAVIA,45.33449,8.58063
018053,Copiano,PAVIA,45.19438,9.33407
018054,Corana,PAVIA,45.06743,8.96343
018057,Corvino San Quirico,PAVIA,45.01811,9.15187
018058,Costa de' Nobili,PAVIA,45.1352,9.38479
018059,Cozzo,PAVIA,45.20722,8.61694
018060,Cura Carpignano,PAVIA,45.20485,9.25308
018061,Dorno,PAVIA,45.14655,8.94647
018062,Ferrera Erbognone,PAVIA,45.101,8.85446
018063,Filighera,PAVIA,45.17724,9.31722
018064,Fortunago,PAVIA,44.91096,9.18646
018065,Frascarolo,PAVIA,45.0406,8.69076
018066,Galliavola,PAVIA,45.09492,8.82447
018067,Gambarana,PAVIA,45.04232,8.76983
018068,Gambolò,PAVIA,45.25606,8.88101
018069,Garlasco,PAVIA,45.20578,8.93448
018071,Gerenzago,PAVIA,45.19716,9.366
018072,Giussago,PAVIA,45.27834,9.15329
018073,Godiasco Salice Terme,PAVIA,44.89037,9.06461
018074,Golferenzo,PAVIA,44.96139,9.3062
018075,Gravellona Lomellina,PAVIA,45.33785,8.77693
018076,Gropello Cairoli,PAVIA,45.1733,8.99458
018077,Inverno e Monteleone,PAVIA,45.19362,9.39627
018078,Landriano,PAVIA,45.30698,9.27109
018079,Langosco,PAVIA,45.21585,8.55866
018080,Lardirago,PAVIA,45.23965,9.25197
018081,Linarolo,PAVIA,45.14782,9.25552
018083,Lomello,PAVIA,45.12098,8.79259
018084,Lungavilla,PAVIA,45.03506,9.08166
018085,Magherno,PAVIA,45.21848,9.32969
018086,Marcignago,PAVIA,45.24772,9.08123
018087,Marzano,PAVIA,45.24727,9.28752
018088,Mede,PAVIA,45.09322,8.73529
018089,Menconico,PAVIA,44.79919,9.27602
018090,Mezzana Bigli,PAVIA,45.06623,8.88146
018091,Mezzana Rabattone,PAVIA,45.09971,9.03726
018092,Mezzanino,PAVIA,45.12461,9.20492
018093,Miradolo Terme,PAVIA,45.17986,9.44772
018094,Montalto Pavese,PAVIA,44.97528,9.22439
018095,Montebello della Battaglia,PAVIA,45.00529,9.09765
018096,Montecalvo Versiggia,PAVIA,44.97522,9.27324
018097,Montescano,PAVIA,45.02723,9.28957
018098,Montesegale,PAVIA,44.90688,9.12619
018099,Monticelli Pavese,PAVIA,45.10757,9.51031
018100,Montù Beccaria,PAVIA,45.0314,9.33003
018101,Mornico Losana,PAVIA,45.00608,9.2081
018102,Mortara,PAVIA,45.24696,8.74387
018103,Nicorvo,PAVIA,45.28349,8.66845
018104,Olevano di Lomellina,PAVIA,45.20493,8.71893
018105,Oliva Gessi,PAVIA,45.00095,9.18544
018106,Ottobiano,PAVIA,45.1599,8.82515
018107,Palestro,PAVIA,45.28996,8.53213
018108,Pancarana,PAVIA,45.08105,9.04811
018109,Parona,PAVIA,45.2828,8.7598
018110,Pavia,PAVIA,45.19452,9.16547
018111,Pietra de' Giorgi,PAVIA,45.0178,9.24404
018112,Pieve Albignola,PAVIA,45.10292,8.96395
018113,Pieve del Cairo,PAVIA,45.05278,8.81471
018114,Pieve Porto Morone,PAVIA,45.11181,9.45894
018115,Pinarolo Po,PAVIA,45.07891,9.17098
018116,Pizzale,PAVIA,45.0468,9.05314
018117,Ponte Nizza,PAVIA,44.85298,9.12087
018118,Portalbera,PAVIA,45.09453,9.31637
018119,Rea,PAVIA,45.11735,9.15639
018120,Redavalle,PAVIA,45.04778,9.20711
018121,Retorbido,PAVIA,44.94629,9.04935
018122,Rivanazzano Terme,PAVIA,44.93356,9.0234
018123,Robbio,PAVIA,45.3039,8.61108
018124,Robecco Pavese,PAVIA,45.05263,9.15086
018125,Rocca de' Giorgi,PAVIA,44.95425,9.25232
018126,Rocca Susella,PAVIA,44.91914,9.09663
018127,Rognano,PAVIA,45.29753,9.08738
018128,Romagnese,PAVIA,44.83678,9.32367
018129,Roncaro,PAVIA,45.2289,9.26981
018130,Rosasco,PAVIA,45.25412,8.56191
018131,Rovescala,PAVIA,45.01049,9.34706
018133,San Cipriano Po,PAVIA,45.11103,9.2832
018134,San Damiano al Colle,PAVIA,45.03342,9.35217
018135,San Genesio ed Uniti,PAVIA,45.23745,9.18695
018136,San Giorgio di Lomellina,PAVIA,45.17518,8.78089
018137,San Martino Siccomario,PAVIA,45.15878,9.11387
018138,Sannazzaro de' Burgondi,PAVIA,45.09399,8.91461
018139,Santa Cristina e Bissone,PAVIA,45.15443,9.42121
018140,Santa Giuletta,PAVIA,45.03814,9.19066
018141,Sant'Alessio con Vialone,PAVIA,45.22465,9.23001
018142,Santa Margherita di Staffora,PAVIA,44.73646,9.24376
018143,Santa Maria della Versa,PAVIA,44.98589,9.3037
018144,Sant'Angelo Lomellina,PAVIA,45.23948,8.64453
018145,San Zenone al Po,PAVIA,45.11379,9.37092
018146,Sartirana Lomellina,PAVIA,45.10621,8.66275
018147,Scaldasole,PAVIA,45.13227,8.90169
018148,Semiana,PAVIA,45.14074,8.72855
018149,Silvano Pietra,PAVIA,45.05657,8.94695
018150,Siziano,PAVIA,45.30937,9.21634
018151,Sommo,PAVIA,45.12372,9.08262
018152,Spessa,PAVIA,45.12178,9.33084
018153,Stradella,PAVIA,45.07896,9.30965
018154,Suardi,PAVIA,45.02671,8.74296
018155,Torrazza Coste,PAVIA,44.96289,9.0974
018156,Torre Beretti e Castellaro,PAVIA,45.07565,8.68345
018157,Torre d'Arese,PAVIA,45.23695,9.32026
018158,Torre de' Negri,PAVIA,45.14603,9.33655
018159,Torre d'Isola,PAVIA,45.22114,9.07229
018160,Torrevecchia Pia,PAVIA,45.2793,9.29549
018161,Torricella Verzate,PAVIA,45.0245,9.17216
018162,Travacò Siccomario,PAVIA,45.14756,9.17764
018163,Trivolzio,PAVIA,45.2622,9.04684
018164,Tromello,PAVIA,45.20445,8.85041
018165,Trovo,PAVIA,45.28856,9.04144
018166,Val di Nizza,PAVIA,44.87103,9.17464
018167,Valeggio,PAVIA,45.14976,8.87278
018168,Valle Lomellina,PAVIA,45.15554,8.67119
018169,Valle Salimbene,PAVIA,45.16012,9.2333
018171,Varzi,PAVIA,44.80444,9.21864
018172,Velezzo Lomellina,PAVIA,45.15768,8.737
018173,Vellezzo Bellini,PAVIA,45.27384,9.10359
018174,Verretto,PAVIA,45.03951,9.10879
018175,Verrua Po,PAVIA,45.11094,9.18159
018176,Vidigulfo,PAVIA,45.29105,9.23519
018177,Vigevano,PAVIA,45.30775,8.88492
018178,Villa Biscossi,PAVIA,45.0861,8.78743
018179,Villanova d'Ardenghi,PAVIA,45.16711,9.03926
018180,Villanterio,PAVIA,45.22721,9.3613
018181,Vistarino,PAVIA,45.20882,9.30899
018182,Voghera,PAVIA,45.01403,9.01568
018183,Volpara,PAVIA,44.94649,9.3028
018184,Zavattarello,PAVIA,44.86506,9.27962
018185,Zeccone,PAVIA,45.26001,9.19008
018186,Zeme,PAVIA,45.19566,8.67608
018187,Zenevredo,PAVIA,45.05544,9.3395
018188,Zerbo,PAVIA,45.10741,9.40188
018189,Zerbolò,PAVIA,45.21558,9.0185
018190,Zinasco,PAVIA,45.11275,9.03017
018191,Cornale e Bastida,PAVIA,45.06256,8.91164
018192,Corteolona e Genzone,PAVIA,45.16681,9.36104
018193,Colli Verdi,PAVIA,44.90056,9.25929
019001,Acquanegra Cremonese,CREMONA,45.17629,9.88955
019002,Agnadello,CREMONA,45.4395,9.5547
019003,Annicco,CREMONA,45.25192,9.88446
019004,Azzanello,CREMONA,45.31096,9.91981
019005,Bagnolo Cremasco,CREMONA,45.36473,9.61055
019006,Bonemerse,CREMONA,45.10608,10.09356
019007,Bordolano,CREMONA,45.29173,9.98075
019009,Calvatone,CREMONA,45.13021,10.454
019010,Camisano,CREMONA,45.4481,9.74802
019011,Campagnola Cremasca,CREMONA,45.40222,9.67124
019012,Capergnanica,CREMONA,45.33107,9.64598
019013,Cappella Cantone,CREMONA,45.24205,9.83484
019014,Cappella de' Picenardi,CREMONA,45.14871,10.23141
019015,Capralba,CREMONA,45.42963,9.63929
019016,Casalbuttano ed Uniti,CREMONA,45.24575,9.96633
019017,Casale Cremasco-Vidolasco,CREMONA,45.43706,9.71607
019018,Casaletto Ceredano,CREMONA,45.31089,9.61857
019019,Casaletto di Sopra,CREMONA,45.41415,9.79281
019020,Casaletto Vaprio,CREMONA,45.41024,9.6422
019021,Casalmaggiore,CREMONA,44.9906,10.48912
019022,Casalmorano,CREMONA,45.2929,9.90883
019023,Casteldidone,CREMONA,45.06849,10.40173
019024,Castel Gabbiano,CREMONA,45.47023,9.71759
019025,Castelleone,CREMONA,45.29485,9.77703
019026,Castelverde,CREMONA,45.20101,9.99397
019027,Castelvisconti,CREMONA,45.30054,9.95133
019028,Cella Dati,CREMONA,45.08852,10.21392
019029,Chieve,CREMONA,45.3371,9.61348
019030,Cicognolo,CREMONA,45.16347,10.20348
019031,Cingia de' Botti,CREMONA,45.08051,10.26577
019032,Corte de' Cortesi con Cignone,CREMONA,45.26747,10.00063
019033,Corte de' Frati,CREMONA,45.22663,10.10545
019034,Credera Rubbiano,CREMONA,45.29604,9.64812
019035,Crema,CREMONA,45.36602,9.68424
019036,Cremona,CREMONA,45.13648,10.02607
019037,Cremosano,CREMONA,45.38927,9.64701
019038,Crotta d'Adda,CREMONA,45.15413,9.86811
019039,Cumignano sul Naviglio,CREMONA,45.34761,9.83545
019040,Derovere,CREMONA,45.11255,10.24584
019041,Dovera,CREMONA,45.36552,9.53626
019043,Fiesco,CREMONA,45.3348,9.77984
019044,Formigara,CREMONA,45.23098,9.75137
019045,Gabbioneta-Binanuova,CREMONA,45.21843,10.2036
019046,Gadesco-Pieve Delmona,CREMONA,45.16766,10.11745
019047,Genivolta,CREMONA,45.34357,9.87859
019048,Gerre de' Caprioli,CREMONA,45.08967,10.03974
019049,Gombito,CREMONA,45.25419,9.73696
019050,Grontardo,CREMONA,45.20141,10.14661
019051,Grumello Cremonese ed Uniti,CREMONA,45.20082,9.86472
019052,Gussola,CREMONA,45.0058,10.33904
019053,Isola Dovarese,CREMONA,45.17365,10.3119
019054,Izano,CREMONA,45.35304,9.75307
019055,Madignano,CREMONA,45.33622,9.72003
019056,Malagnino,CREMONA,45.12757,10.11945
019057,Martignana di Po,CREMONA,45.00439,10.37889
019058,Monte Cremasco,CREMONA,45.37484,9.56982
019059,Montodine,CREMONA,45.2785,9.69776
019060,Moscazzano,CREMONA,45.29304,9.67807
019061,Motta Baluffi,CREMONA,45.04581,10.24406
019062,Offanengo,CREMONA,45.38666,9.75004
019063,Olmeneta,CREMONA,45.24019,10.03311
019064,Ostiano,CREMONA,45.22084,10.2562
019065,Paderno Ponchielli,CREMONA,45.23345,9.92501
019066,Palazzo Pignano,CREMONA,45.40141,9.5841
019067,Pandino,CREMONA,45.40968,9.53963
019068,Persico Dosimo,CREMONA,45.18135,10.0802
019069,Pescarolo ed Uniti,CREMONA,45.19515,10.19919
019070,Pessina Cremonese,CREMONA,45.18286,10.26783
019072,Pianengo,CREMONA,45.40558,9.70007
019073,Pieranica,CREMONA,45.42875,9.60966
019074,Pieve d'Olmi,CREMONA,45.07212,10.12984
019075,Pieve San Giacomo,CREMONA,45.12677,10.19131
019076,Pizzighettone,CREMONA,45.19131,9.79632
019077,Pozzaglio ed Uniti,CREMONA,45.21095,10.04275
019078,Quintano,CREMONA,45.42157,9.62062
019079,Ricengo,CREMONA,45.40787,9.73869
019080,Ripalta Arpina,CREMONA,45.28803,9.72012
019081,Ripalta Cremasca,CREMONA,45.32859,9.68354
019082,Ripalta Guerina,CREMONA,45.30669,9.70471
019083,Rivarolo del Re ed Uniti,CREMONA,45.03662,10.46544
019084,Rivolta d'Adda,CREMONA,45.46137,9.51501
019085,Robecco d'Oglio,CREMONA,45.25722,10.0623
019086,Romanengo,CREMONA,45.38405,9.79014
019087,Salvirola,CREMONA,45.35961,9.78961
019088,San Bassano,CREMONA,45.2389,9.80092
019089,San Daniele Po,CREMONA,45.05369,10.17754
019090,San Giovanni in Croce,CREMONA,45.07475,10.37995
019091,San Martino del Lago,CREMONA,45.07967,10.31857
019092,Scandolara Ravara,CREMONA,45.0452,10.30802
019093,Scandolara Ripa d'Oglio,CREMONA,45.22707,10.14871
019094,Sergnano,CREMONA,45.43602,9.68978
019095,Sesto ed Uniti,CREMONA,45.18647,9.92647
019096,Solarolo Rainerio,CREMONA,45.0756,10.34791
019097,Soncino,CREMONA,45.40437,9.85022
019098,Soresina,CREMONA,45.2916,9.84856
019099,Sospiro,CREMONA,45.10693,10.16038
019100,Spinadesco,CREMONA,45.13243,9.9338
019101,Spineda,CREMONA,45.06167,10.51552
019102,Spino d'Adda,CREMONA,45.39306,9.48363
019103,Stagno Lombardo,CREMONA,45.06388,10.08084
019104,Ticengo,CREMONA,45.38328,9.82248
019105,Torlino Vimercati,CREMONA,45.42709,9.59487
019106,Tornata,CREMONA,45.10533,10.43843
019107,Torre de' Picenardi,CREMONA,45.12423,10.29297
019108,Torricella del Pizzo,CREMONA,45.01491,10.28587
019109,Trescore Cremasco,CREMONA,45.39835,9.61872
019110,Trigolo,CREMONA,45.3272,9.81789
019111,Vaiano Cremasco,CREMONA,45.37244,9.59271
019112,Vailate,CREMONA,45.45727,9.6012
019113,Vescovato,CREMONA,45.16297,10.16877
019114,Volongo,CREMONA,45.20607,10.30171
019115,Voltido,CREMONA,45.11,10.33627
019116,Piadena Drizzona,CREMONA,45.13485,10.36964
020001,Acquanegra sul Chiese,MANTOVA,45.15665,10.46359
020002,Asola,MANTOVA,45.22155,10.42997
020003,Bagnolo San Vito,MANTOVA,45.07921,10.89774
020007,Bozzolo,MANTOVA,45.10384,10.48725
020008,Canneto sull'Oglio,MANTOVA,45.16266,10.37518
020010,Casalmoro,MANTOVA,45.27107,10.41377
020011,Casaloldo,MANTOVA,45.25198,10.48322
020012,Casalromano,MANTOVA,45.19973,10.34611
020013,Castelbelforte,MANTOVA,45.21824,10.89566
020014,Castel d'Ario,MANTOVA,45.17213,10.96668
020015,Castel Goffredo,MANTOVA,45.30069,10.48512
020016,Castellucchio,MANTOVA,45.14954,10.63119
020017,Castiglione delle Stiviere,MANTOVA,45.37402,10.49664
020018,Cavriana,MANTOVA,45.33449,10.61675
020019,Ceresara,MANTOVA,45.25059,10.56014
020020,Commessaggio,MANTOVA,45.03797,10.56701
020021,Curtatone,MANTOVA,45.10968,10.71314
020022,Dosolo,MANTOVA,44.96076,10.64692
020024,Gazoldo degli Ippoliti,MANTOVA,45.19518,10.56637
020025,Gazzuolo,MANTOVA,45.06894,10.56653
020026,Goito,MANTOVA,45.25039,10.64918
020027,Gonzaga,MANTOVA,44.95271,10.82151
020028,Guidizzolo,MANTOVA,45.31061,10.57068
020029,Magnacavallo,MANTOVA,45.00084,11.17854
020030,Mantova,MANTOVA,45.14439,10.81359
020031,Marcaria,MANTOVA,45.10741,10.59077
020032,Mariana Mantovana,MANTOVA,45.18571,10.4879
020033,Marmirolo,MANTOVA,45.25581,10.74885
020034,Medole,MANTOVA,45.32305,10.51701
020035,Moglia,MANTOVA,44.953,10.92332
020036,Monzambano,MANTOVA,45.38223,10.66449
020037,Motteggiana,MANTOVA,45.03093,10.75631
020038,Ostiglia,MANTOVA,45.08552,11.15052
020039,Pegognaga,MANTOVA,44.9998,10.85982
020041,Piubega,MANTOVA,45.21721,10.52569
020042,Poggio Rusco,MANTOVA,44.96403,11.15247
020043,Pomponesco,MANTOVA,44.94653,10.59373
020044,Ponti sul Mincio,MANTOVA,45.40962,10.68644
020045,Porto Mantovano,MANTOVA,45.19264,10.76047
020046,Quingentole,MANTOVA,45.03471,11.04139
020047,Quistello,MANTOVA,44.99911,10.99397
020048,Redondesco,MANTOVA,45.17646,10.51972
020050,Rivarolo Mantovano,MANTOVA,45.06731,10.45301
020051,Rodigo,MANTOVA,45.19234,10.63429
020052,Roncoferraro,MANTOVA,45.1209,10.95218
020053,Roverbella,MANTOVA,45.26621,10.82237
020054,Sabbioneta,MANTOVA,45.01262,10.5297
020055,San Benedetto Po,MANTOVA,45.02059,10.92129
020056,San Giacomo delle Segnate,MANTOVA,44.96696,11.01156
020057,San Giorgio Bigarello,MANTOVA,45.18477,10.88734
020058,San Giovanni del Dosso,MANTOVA,44.97425,11.06574
020059,San Martino dall'Argine,MANTOVA,45.09651,10.53491
020060,Schivenoglia,MANTOVA,45.0,11.06322
020061,Sermide e Felonica,MANTOVA,44.98464,11.32025
020062,Serravalle a Po,MANTOVA,45.07427,11.08198
020063,Solferino,MANTOVA,45.36615,10.55817
020064,Sustinente,MANTOVA,45.08044,11.02708
020065,Suzzara,MANTOVA,45.00062,10.73582
020066,Viadana,MANTOVA,44.98261,10.58897
020068,Villimpenta,MANTOVA,45.13441,11.01458
020070,Volta Mantovana,MANTOVA,45.31685,10.66664
020071,Borgo Virgilio,MANTOVA,45.08803,10.77602
020072,Borgo Mantovano,MANTOVA,45.02433,11.12074
020073,Borgocarbonara,MANTOVA,45.02393,11.2154
097001,Abbadia Lariana,LECCO,45.89649,9.3567
097002,Airuno,LECCO,45.75588,9.42095
097003,Annone di Brianza,LECCO,45.80264,9.33054
097004,Ballabio,LECCO,45.90309,9.42035
097005,Barzago,LECCO,45.75407,9.31775
097006,Barzanò,LECCO,45.73029,9.31188
097007,Barzio,LECCO,45.95368,9.49627
097008,Bellano,LECCO,46.04598,9.32163
097009,Bosisio Parini,LECCO,45.79742,9.29388
097010,Brivio,LECCO,45.75518,9.43579
097011,Bulciago,LECCO,45.75505,9.28853
097012,Calco,LECCO,45.72466,9.4264
097013,Calolziocorte,LECCO,45.79525,9.44729
097014,Carenno,LECCO,45.80559,9.4751
097015,Casargo,LECCO,46.03931,9.40206
097016,Casatenovo,LECCO,45.68107,9.32664
097017,Cassago Brianza,LECCO,45.73419,9.28699
097018,Cassina Valsassina,LECCO,45.91534,9.48533
097019,Castello di Brianza,LECCO,45.7564,9.34839
097020,Cernusco Lombardone,LECCO,45.69204,9.39057
097021,Cesana Brianza,LECCO,45.82039,9.30046
097022,Civate,LECCO,45.82684,9.32784
097023,Colico,LECCO,46.12204,9.354
097024,Colle Brianza,LECCO,45.76182,9.3809
097025,Cortenova,LECCO,45.99388,9.3891
097026,Costa Masnaga,LECCO,45.76633,9.26786
097027,Crandola Valsassina,LECCO,46.01859,9.40872
097028,Cremella,LECCO,45.74181,9.30533
097029,Cremeno,LECCO,45.91726,9.46207
097030,Dervio,LECCO,46.07847,9.31904
097031,Dolzago,LECCO,45.76918,9.3432
097032,Dorio,LECCO,46.10519,9.3413
097033,Ello,LECCO,45.78236,9.36215
097034,Erve,LECCO,45.82508,9.45429
097035,Esino Lario,LECCO,45.98406,9.35149
097036,Galbiate,LECCO,45.80922,9.37449
097037,Garbagnate Monastero,LECCO,45.76752,9.30437
097038,Garlate,LECCO,45.81076,9.40067
097039,Imbersago,LECCO,45.70823,9.44554
097040,Introbio,LECCO,45.99734,9.47913
097042,Lecco,LECCO,45.85917,9.42583
097043,Lierna,LECCO,45.96015,9.31992
097044,Lomagna,LECCO,45.66906,9.369
097045,Malgrate,LECCO,45.84748,9.37921
097046,Mandello del Lario,LECCO,45.91777,9.34481
097047,Margno,LECCO,46.02971,9.38999
097048,Merate,LECCO,45.69856,9.41727
097049,Missaglia,LECCO,45.70204,9.34566
097050,Moggio,LECCO,45.913,9.51
097051,Molteno,LECCO,45.7817,9.30136
097052,Monte Marenzo,LECCO,45.77036,9.45515
097053,Montevecchia,LECCO,45.70465,9.37342
097054,Monticello Brianza,LECCO,45.71398,9.30925
097055,Morterone,LECCO,45.87951,9.4835
097056,Nibionno,LECCO,45.75145,9.26171
097057,Oggiono,LECCO,45.79152,9.34223
097058,Olgiate Molgora,LECCO,45.72671,9.40371
097059,Olginate,LECCO,45.78583,9.41065
097060,Oliveto Lario,LECCO,45.92926,9.28544
097061,Osnago,LECCO,45.67522,9.38466
097062,Paderno d'Adda,LECCO,45.67437,9.45257
097063,Pagnona,LECCO,46.07572,9.40686
097064,Parlasco,LECCO,46.01418,9.34486
097065,Pasturo,LECCO,45.94813,9.41952
097067,Perledo,LECCO,46.01807,9.30121
097068,Pescate,LECCO,45.83225,9.39537
097069,Premana,LECCO,46.05327,9.45752
097070,Primaluna,LECCO,45.99115,9.42732
097071,Robbiate,LECCO,45.68395,9.4348
097072,Rogeno,LECCO,45.78809,9.2698
097074,Santa Maria Hoè,LECCO,45.74251,9.37613
097075,Sirone,LECCO,45.77567,9.32343
097076,Sirtori,LECCO,45.73492,9.33591
097077,Sueglio,LECCO,46.09204,9.33938
097078,Suello,LECCO,45.81987,9.31758
097079,Taceno,LECCO,46.014,9.36122
097082,Valgreghentino,LECCO,45.77319,9.4033
097083,Valmadrera,LECCO,45.85331,9.34847
097084,Varenna,LECCO,45.98911,9.29088
097086,Vercurago,LECCO,45.80969,9.4268
097090,Viganò,LECCO,45.72219,9.32885
097091,Verderio,LECCO,45.66297,9.44175
097092,La Valletta Brianza,LECCO,45.72875,9.36249
097093,Valvarrone,LECCO,46.08513,9.36137
098001,Abbadia Cerreto,LODI,45.31991,9.59393
098002,Bertonico,LODI,45.24513,9.68002
098003,Boffalora d'Adda,LODI,45.35939,9.48771
098004,Borghetto Lodigiano,LODI,45.21034,9.50429
098005,Borgo San Giovanni,LODI,45.27448,9.42067
098006,Brembio,LODI,45.21232,9.56419
098008,Casaletto Lodigiano,LODI,45.29808,9.35021
098009,Casalmaiocco,LODI,45.35857,9.37186
098010,Casalpusterlengo,LODI,45.19716,9.62475
098011,Caselle Landi,LODI,45.0913,9.80772
098012,Caselle Lurani,LODI,45.27242,9.36134
098013,Castelnuovo Bocca d'Adda,LODI,45.10774,9.86821
098014,Castiglione d'Adda,LODI,45.22484,9.70308
098015,Castiraga Vidardo,LODI,45.26448,9.39775
098017,Cavenago d'Adda,LODI,45.28027,9.59492
098018,Cervignano d'Adda,LODI,45.37386,9.43037
098019,Codogno,LODI,45.16672,9.69428
098020,Comazzo,LODI,45.44647,9.45206
098021,Cornegliano Laudense,LODI,45.2861,9.48061
098022,Corno Giovine,LODI,45.13046,9.77559
098023,Cornovecchio,LODI,45.14514,9.80722
098024,Corte Palasio,LODI,45.30963,9.56828
098025,Crespiatica,LODI,45.34933,9.5759
098026,Fombio,LODI,45.12843,9.68999
098027,Galgagnano,LODI,45.35707,9.45724
098028,Graffignana,LODI,45.20766,9.44815
098029,Guardamiglio,LODI,45.11058,9.66849
098030,Livraga,LODI,45.18739,9.54654
098031,Lodi,LODI,45.31514,9.49726
098032,Lodi Vecchio,LODI,45.30108,9.41896
098033,Maccastorna,LODI,45.14407,9.85394
098034,Mairago,LODI,45.25434,9.58706
098035,Maleo,LODI,45.16484,9.7662
098036,Marudo,LODI,45.25583,9.37408
098037,Massalengo,LODI,45.26107,9.49373
098038,Meleti,LODI,45.13163,9.82745
098039,Merlino,LODI,45.43384,9.44786
098040,Montanaso Lombardo,LODI,45.33712,9.46287
098041,Mulazzano,LODI,45.36867,9.4067
098042,Orio Litta,LODI,45.15447,9.55154
098043,Ospedaletto Lodigiano,LODI,45.17051,9.58468
098044,Ossago Lodigiano,LODI,45.24328,9.53788
098045,Pieve Fissiraga,LODI,45.26855,9.45096
098046,Salerano sul Lambro,LODI,45.29066,9.38597
098047,San Fiorano,LODI,45.13241,9.71571
098048,San Martino in Strada,LODI,45.27701,9.5361
098049,San Rocco al Porto,LODI,45.08274,9.69245
098050,Sant'Angelo Lodigiano,LODI,45.2298,9.40167
098051,Santo Stefano Lodigiano,LODI,45.1156,9.74361
098052,Secugnago,LODI,45.23086,9.59645
098053,Senna Lodigiana,LODI,45.13582,9.5947
098054,Somaglia,LODI,45.15154,9.64047
098055,Sordio,LODI,45.33907,9.37236
098056,Tavazzano con Villavesco,LODI,45.33397,9.41031
098057,Terranova dei Passerini,LODI,45.20414,9.67621
098058,Turano Lodigiano,LODI,45.25153,9.63082
098059,Valera Fratta,LODI,45.25452,9.33475
098060,Villanova del Sillaro,LODI,45.24152,9.47033
098061,Zelo Buon Persico,LODI,45.39487,9.43707
098062,Castelgerundo,LODI,45.19923,9.74028
108001,Agrate Brianza,MONZA E DELLA BRIANZA,45.57467,9.36115
108002,Aicurzio,MONZA E DELLA BRIANZA,45.64441,9.41463
108003,Albiate,MONZA E DELLA BRIANZA,45.65447,9.25131
108004,Arcore,MONZA E DELLA BRIANZA,45.62728,9.32231
108005,Barlassina,MONZA E DELLA BRIANZA,45.6542,9.12476
108006,Bellusco,MONZA E DELLA BRIANZA,45.61446,9.42235
108007,Bernareggio,MONZA E DELLA BRIANZA,45.64846,9.40278
108008,Besana in Brianza,MONZA E DELLA BRIANZA,45.69469,9.27428
108009,Biassono,MONZA E DELLA BRIANZA,45.62744,9.27706
108010,Bovisio Masciago,MONZA E DELLA BRIANZA,45.61356,9.14315
108011,Briosco,MONZA E DELLA BRIANZA,45.71468,9.24929
108012,Brugherio,MONZA E DELLA BRIANZA,45.55413,9.29668
108013,Burago di Molgora,MONZA E DELLA BRIANZA,45.5958,9.38697
108014,Camparada,MONZA E DELLA BRIANZA,45.65518,9.32491
108015,Carate Brianza,MONZA E DELLA BRIANZA,45.67586,9.23651
108016,Carnate,MONZA E DELLA BRIANZA,45.64696,9.38096
108017,Cavenago di Brianza,MONZA E DELLA BRIANZA,45.584,9.42062
108018,Ceriano Laghetto,MONZA E DELLA BRIANZA,45.62942,9.08062
108019,Cesano Maderno,MONZA E DELLA BRIANZA,45.62901,9.1493
108020,Cogliate,MONZA E DELLA BRIANZA,45.64555,9.08806
108021,Concorezzo,MONZA E DELLA BRIANZA,45.59131,9.33471
108022,Correzzana,MONZA E DELLA BRIANZA,45.66878,9.30553
108023,Desio,MONZA E DELLA BRIANZA,45.61629,9.20489
108024,Giussano,MONZA E DELLA BRIANZA,45.69116,9.21428
108025,Lazzate,MONZA E DELLA BRIANZA,45.67307,9.08128
108026,Lesmo,MONZA E DELLA BRIANZA,45.64635,9.30569
108027,Limbiate,MONZA E DELLA BRIANZA,45.60431,9.11998
108028,Lissone,MONZA E DELLA BRIANZA,45.61943,9.24267
108029,Macherio,MONZA E DELLA BRIANZA,45.63806,9.26276
108030,Meda,MONZA E DELLA BRIANZA,45.66725,9.15915
108031,Mezzago,MONZA E DELLA BRIANZA,45.63089,9.44279
108032,Misinto,MONZA E DELLA BRIANZA,45.65869,9.07922
108033,Monza,MONZA E DELLA BRIANZA,45.59274,9.27571
108034,Muggiò,MONZA E DELLA BRIANZA,45.58641,9.22594
108035,Nova Milanese,MONZA E DELLA BRIANZA,45.58934,9.19385
108036,Ornago,MONZA E DELLA BRIANZA,45.60033,9.42412
108037,Renate,MONZA E DELLA BRIANZA,45.7225,9.27835
108038,Ronco Briantino,MONZA E DELLA BRIANZA,45.6662,9.40357
108039,Seregno,MONZA E DELLA BRIANZA,45.64998,9.20801
108040,Seveso,MONZA E DELLA BRIANZA,45.64622,9.1425
108041,Sovico,MONZA E DELLA BRIANZA,45.64587,9.26087
108042,Sulbiate,MONZA E DELLA BRIANZA,45.6374,9.42493
108043,Triuggio,MONZA E DELLA BRIANZA,45.66666,9.2755
108044,Usmate Velate,MONZA E DELLA BRIANZA,45.65245,9.34931
108045,Varedo,MONZA E DELLA BRIANZA,45.59849,9.16559
108046,Vedano al Lambro,MONZA E DELLA BRIANZA,45.61262,9.26901
108047,Veduggio con Colzano,MONZA E DELLA BRIANZA,45.73357,9.26165
108048,Verano Brianza,MONZA E DELLA BRIANZA,45.68494,9.22365
108049,Villasanta,MONZA E DELLA BRIANZA,45.60724,9.31047
108050,Vimercate,MONZA E DELLA BRIANZA,45.6127,9.3658
108051,Busnago,MONZA E DELLA BRIANZA,45.61041,9.46375
108052,Caponago,MONZA E DELLA BRIANZA,45.56507,9.37637
108053,Cornate d'Adda,MONZA E DELLA BRIANZA,45.64403,9.47215
108054,Lentate sul Seveso,MONZA E DELLA BRIANZA,45.67485,9.12096
108055,Roncello,MONZA E DELLA BRIANZA,45.60069,9.45932
